gametime,level,leveltime,mean_pupilsize
0.35000000000000014,1,0.35000000000000014,1520.2571428571428
0.5600000000000002,2,0.21000000000000005,1451.3333333333333
0.7800000000000002,3,0.22000000000000006,1486.0
1.1000000000000003,4,0.3200000000000001,1543.3125
1.9400000000000008,5,0.8400000000000005,1448.7142857142858
2.740000000000001,6,0.8000000000000005,1493.0250000000001
3.010000000000001,7,0.2700000000000001,1476.037037037037
